City_ID,City,Country,Lat,Lng,Max Temp,Humidity,Cloudiness,Wind Speed,Current Description
0,Caernarfon,GB,53.1413,-4.2702,60.71,40,90,25.32,overcast clouds
1,George Town,MY,5.4112,100.3354,82.33,78,20,2.3,few clouds
2,Aldan,RU,58.6031,125.3894,29.91,97,100,10.96,snow
3,Partizanskoye,RU,55.5006,94.39,47.12,51,100,21.99,overcast clouds
4,San Andres,CO,12.5847,-81.7006,84.22,74,20,8.05,few clouds
5,Tasiilaq,GL,65.6145,-37.6368,37.56,80,100,8.7,overcast clouds
6,Puerto Ayora,EC,-0.7393,-90.3518,68.56,92,95,3.0,overcast clouds
7,Auki,SB,-8.7676,160.7034,88.0,60,89,4.88,overcast clouds
8,Atuona,PF,-9.8,-139.0333,77.72,68,4,13.2,clear sky
9,Forest,US,37.3638,-79.2897,53.65,58,20,1.01,few clouds
10,Boda,CF,4.3189,17.4695,69.37,97,100,2.66,overcast clouds
11,Ushuaia,AR,-54.8,-68.3,40.66,81,20,11.5,few clouds
12,Snasa,NO,64.2457,12.3778,37.49,97,100,5.23,overcast clouds
13,Castro,BR,-24.7911,-50.0119,58.57,93,90,7.11,overcast clouds
14,Dryden,CA,49.7833,-92.7503,39.4,73,100,12.03,overcast clouds
15,Bengkulu,ID,-3.8004,102.2655,75.56,91,100,10.49,overcast clouds
16,San Quintin,MX,30.4833,-115.95,63.01,70,0,18.75,clear sky
17,Kamenka,RU,51.3223,42.7678,32.61,55,100,8.66,overcast clouds
18,Peniche,PT,39.3558,-9.3811,66.61,84,7,9.17,clear sky
19,Albany,US,42.6001,-73.9662,53.8,93,100,1.99,overcast clouds
20,Ribeira Grande,PT,38.5167,-28.7,70.57,88,100,23.89,overcast clouds
21,Sao Joao Da Barra,BR,-21.6403,-41.0511,73.15,93,100,4.45,overcast clouds
22,Cap Malheureux,MU,-19.9842,57.6142,72.46,70,7,7.0,clear sky
23,Bonavista,CA,48.6499,-53.1147,40.12,72,6,9.55,clear sky
24,Arraial Do Cabo,BR,-22.9661,-42.0278,71.83,96,100,8.32,light rain
25,Caravelas,BR,-17.7125,-39.2481,75.31,82,9,6.42,clear sky
26,Bima,ID,-8.4667,118.7167,89.46,57,100,2.17,overcast clouds
27,Lewistown,US,40.5992,-77.5714,49.42,84,90,14.97,overcast clouds
28,Jabinyanah,TN,35.035,10.9081,65.52,74,100,19.53,overcast clouds
29,Narsaq,GL,60.9167,-46.05,32.22,59,89,8.01,overcast clouds
30,Mochudi,BW,-24.4167,26.15,64.13,77,6,14.34,clear sky
31,Xiantao,CN,30.3833,113.4,64.33,58,90,5.26,overcast clouds
32,Rikitea,PF,-23.1203,-134.9692,74.53,84,100,13.56,moderate rain
33,Filadelfia,US,39.9523,-75.1638,53.22,81,75,5.01,broken clouds
34,Bilma,NE,18.6853,12.9164,79.23,16,0,4.72,clear sky
35,Kapaa,US,22.0752,-159.319,82.38,72,1,5.01,clear sky
36,Mataura,NZ,-46.1927,168.8643,65.21,60,94,4.38,overcast clouds
37,Tiksi,RU,71.6872,128.8694,13.37,95,100,2.51,overcast clouds
38,Flinders,AU,-34.5833,150.8552,76.8,68,3,7.0,clear sky
39,Bereda,ES,43.2686,-7.5406,50.41,100,55,1.61,broken clouds
40,Yellowknife,CA,62.456,-114.3525,40.41,100,90,4.61,light rain
41,Busselton,AU,-33.65,115.3333,53.04,82,100,12.55,overcast clouds
42,Bosaso,SO,11.2842,49.1816,76.5,64,15,4.7,few clouds
43,Ilulissat,GL,69.2167,-51.1,12.22,57,0,5.75,clear sky
44,Bredasdorp,ZA,-34.5322,20.0403,64.27,85,100,16.11,overcast clouds
45,Muyezerskiy,RU,63.9333,31.65,41.68,98,100,9.04,light rain
46,Butaritari,KI,3.0707,172.7902,82.67,74,14,10.42,few clouds
47,Kodiak,US,57.79,-152.4072,39.27,52,90,16.11,overcast clouds
48,San Patricio,US,28.017,-97.5169,81.84,79,96,15.28,overcast clouds
49,Vostok,RU,46.4856,135.8833,37.36,94,100,2.89,overcast clouds
50,Dauphin,CA,51.1494,-100.0502,50.16,58,100,12.39,overcast clouds
51,Buala,SB,-8.145,159.5921,86.38,67,95,4.59,overcast clouds
52,Necochea,AR,-38.5473,-58.7368,59.04,44,0,10.2,clear sky
53,Nikolskoye,RU,59.7035,30.7861,44.87,94,100,8.61,overcast clouds
54,Aklavik,CA,68.2191,-135.0107,26.6,93,90,4.61,light snow
55,Hobart,AU,-42.8794,147.3294,68.05,51,20,1.99,few clouds
56,Hofn,IS,64.2539,-15.2082,42.78,80,100,13.31,overcast clouds
57,Upernavik,GL,72.7868,-56.1549,16.75,46,97,2.3,overcast clouds
58,Olafsvik,IS,64.8945,-23.7142,41.81,87,100,37.85,light rain
59,Maumere,ID,-8.6199,122.2111,85.6,69,80,2.86,broken clouds
60,New Norfolk,AU,-42.7826,147.0587,67.71,36,0,3.27,clear sky
61,Chuy,UY,-33.6971,-53.4616,67.37,83,0,6.91,clear sky
62,Thompson,CA,55.7435,-97.8558,37.56,93,90,5.75,overcast clouds
63,Avarua,CK,-21.2078,-159.775,78.85,65,40,13.8,scattered clouds
64,Pontes E Lacerda,BR,-15.2261,-59.3353,71.98,75,99,2.28,overcast clouds
65,Mehamn,NO,71.0357,27.8492,32.85,60,100,21.23,overcast clouds
66,Saint-Augustin,CA,51.226,-58.6502,38.93,72,11,6.04,few clouds
67,Coquimbo,CL,-29.9533,-71.3436,55.13,94,20,5.75,few clouds
68,Hithadhoo,MV,-0.6,73.0833,83.75,69,100,15.35,overcast clouds
69,Constitucion,CL,-35.3333,-72.4167,53.2,89,9,14.94,clear sky
70,Pandan,PH,14.0453,124.1694,81.39,84,98,12.5,overcast clouds
71,Katsuura,JP,35.1333,140.3,63.1,80,100,8.63,overcast clouds
72,Richards Bay,ZA,-28.783,32.0377,66.09,90,100,5.08,overcast clouds
73,Saskylakh,RU,71.9167,114.0833,1.24,97,100,2.08,overcast clouds
74,Huilong,CN,31.8111,121.655,72.03,61,92,9.82,overcast clouds
75,Mount Isa,AU,-20.7333,139.5,96.57,23,0,5.75,clear sky
76,Labuhan,ID,-6.8844,112.2051,84.51,68,100,7.11,overcast clouds
77,Mar Del Plata,AR,-38.0023,-57.5575,55.42,76,0,0.0,clear sky
78,Nemuro,JP,43.3236,145.575,53.65,76,1,4.5,clear sky
79,Takoradi,GH,4.8845,-1.7554,76.93,89,100,4.43,overcast clouds
80,Kavieng,PG,-2.5744,150.7967,85.42,65,96,3.74,overcast clouds
81,Ixtapa,MX,20.7,-105.2,81.63,69,90,8.05,overcast clouds
82,Hilo,US,19.7297,-155.09,80.33,74,20,8.05,few clouds
83,Clyde River,CA,70.4692,-68.5914,22.51,82,100,4.32,overcast clouds
84,Aldama,MX,22.9167,-98.0667,83.5,92,53,6.96,broken clouds
85,Ostrovnoy,RU,68.0531,39.5131,30.96,84,100,18.88,light snow
86,Punta Arenas,CL,-53.15,-70.9167,42.12,70,14,13.42,few clouds
87,Barra Do Garcas,BR,-15.89,-52.2567,74.37,85,100,2.91,overcast clouds
88,Kushmurun,KZ,52.4503,64.6311,28.96,56,33,10.11,scattered clouds
89,Vaini,TO,-21.2,-175.2,78.96,78,20,14.97,few clouds
90,Riachao Das Neves,BR,-11.7461,-44.91,79.02,52,100,9.19,overcast clouds
91,Zambezi,ZM,-13.5432,23.1047,66.61,90,100,4.43,overcast clouds
92,Tank,PK,32.2217,70.3793,69.93,40,0,2.26,clear sky
93,Salvacion,PH,7.9833,126.1333,82.58,80,98,1.83,overcast clouds
94,Bambous Virieux,MU,-20.3428,57.7575,72.21,67,40,13.98,scattered clouds
95,Labytnangi,RU,66.6572,66.4183,14.36,86,87,6.42,overcast clouds
96,Georgetown,MY,5.4112,100.3354,82.33,81,20,2.3,few clouds
97,Harer,ET,9.3094,42.1258,56.77,78,5,1.07,clear sky
98,Cabo San Lucas,MX,22.8909,-109.9124,82.62,67,40,5.01,scattered clouds
99,Tabas,IR,33.5959,56.9244,58.66,23,0,1.21,clear sky
100,Sao Filipe,CV,14.8961,-24.4956,79.16,77,61,10.58,broken clouds
101,Bluff,NZ,-46.6,168.3333,57.11,77,62,0.65,broken clouds
102,Lagoa,PT,39.05,-27.9833,69.35,87,100,30.78,overcast clouds
103,Bilibino,RU,68.0546,166.4372,-13.23,99,98,0.89,overcast clouds
104,Qaanaaq,GL,77.484,-69.3632,19.67,94,100,13.44,light snow
105,Srednekolymsk,RU,67.45,153.6833,0.05,93,32,2.77,scattered clouds
106,Vestmannaeyjar,IS,63.4427,-20.2734,45.54,85,100,19.1,moderate rain
107,Hermanus,ZA,-34.4187,19.2345,64.9,82,95,17.65,overcast clouds
108,Hibbing,US,47.4272,-92.9377,40.44,81,1,12.66,clear sky
109,Lubu,CN,23.1742,112.2809,71.62,78,100,2.53,overcast clouds
110,Beringovskiy,RU,63.05,179.3167,8.74,84,100,22.06,overcast clouds
111,Longyearbyen,SJ,78.2186,15.6401,17.44,67,75,9.22,broken clouds
112,Port Hedland,AU,-20.3167,118.5667,86.05,19,0,6.91,clear sky
113,Khatanga,RU,71.9667,102.5,-5.78,100,98,1.88,overcast clouds
114,Cam Ranh,VN,11.9214,109.1591,73.36,100,75,5.75,heavy intensity rain
115,Carnarvon,AU,-24.8667,113.6333,66.87,54,99,12.93,overcast clouds
116,Barrow,US,71.2906,-156.7887,12.22,85,40,5.75,scattered clouds
117,Anju,KP,39.6178,125.6647,52.36,56,0,5.3,clear sky
118,Luderitz,NA,-26.6481,15.1594,57.72,88,3,3.8,clear sky
119,Wagar,SD,16.1525,36.2032,85.24,50,62,9.33,broken clouds
120,Sidney,AU,-33.8679,151.2073,81.34,67,40,4.0,scattered clouds
121,Banda Aceh,ID,5.5577,95.3222,80.31,78,100,6.22,overcast clouds
122,Essex,US,40.7834,-74.2163,61.45,94,90,1.01,mist
123,Cuamba,MZ,-14.8031,36.5372,72.52,68,9,2.73,clear sky
124,Tyrma,RU,50.0833,132.1667,40.84,70,26,3.06,scattered clouds
125,Jamestown,US,42.097,-79.2353,45.99,96,90,5.01,mist
126,Vardo,NO,70.3705,31.1107,35.19,57,100,23.82,overcast clouds
127,Port Elizabeth,ZA,-33.918,25.5701,67.1,85,95,22.28,overcast clouds
128,Tyubuk,RU,56.0552,60.9405,32.45,70,100,11.07,overcast clouds
129,Nyakahanga,TZ,-1.6033,31.1414,60.58,70,100,1.5,overcast clouds
130,Meulaboh,ID,4.1363,96.1285,77.56,86,100,4.27,overcast clouds
131,Yamada,JP,39.4667,141.95,60.06,68,100,4.59,overcast clouds
132,Jiangyou,CN,31.7667,104.7167,58.89,74,100,1.63,overcast clouds
133,Yako,BF,12.9667,-2.2667,82.13,35,11,6.93,few clouds
134,Phalombe,MW,-15.8064,35.6507,68.32,91,7,4.23,clear sky
135,Altea,ES,38.5989,-0.0514,63.91,73,90,6.67,overcast clouds
136,Arman,RU,59.7,150.1667,26.02,67,29,5.17,scattered clouds
137,Morgan City,US,29.6994,-91.2068,75.2,86,77,5.77,broken clouds
138,Teguldet,RU,57.3064,88.1667,29.8,70,100,16.96,overcast clouds
139,Qaqortoq,GL,60.7167,-46.0333,32.5,59,97,7.29,overcast clouds
140,Victoria,HK,22.2855,114.1577,80.26,79,98,1.01,overcast clouds
141,Kapit,MY,2.0167,112.9333,82.63,79,60,1.25,broken clouds
142,Zeya,RU,53.75,127.2667,38.26,78,100,1.14,overcast clouds
143,Ferkessedougou,CI,9.6,-5.2,76.1,73,35,4.29,scattered clouds
144,Liuzhou,CN,24.3126,109.3892,67.96,66,14,8.7,few clouds
145,Airai,TL,-8.9266,125.4092,77.27,39,93,2.44,overcast clouds
146,Saint-Pierre,RE,-21.3393,55.4781,71.28,55,0,8.05,clear sky
147,Cape Town,ZA,-33.9258,18.4232,66.11,64,24,3.0,few clouds
148,Bad Neuenahr-Ahrweiler,DE,50.55,7.1,54.72,89,100,4.0,overcast clouds
149,Karratha,AU,-20.7377,116.8463,80.15,22,0,8.66,clear sky
150,Saint-Philippe,RE,-21.3585,55.7679,71.19,76,5,9.53,clear sky
151,Boyolangu,ID,-8.1181,111.8935,80.31,80,100,5.86,overcast clouds
152,Gizo,SB,-8.103,156.8419,84.56,68,10,5.79,clear sky
153,Taicheng,CN,38.731,113.228,46.71,43,100,1.48,overcast clouds
154,Vila Velha,BR,-20.3297,-40.2925,75.15,88,40,3.44,scattered clouds
155,Norman Wells,CA,65.282,-126.8329,26.55,96,100,4.27,light snow
156,Port Alfred,ZA,-33.5906,26.891,66.92,85,100,28.52,overcast clouds
157,Machilipatnam,IN,16.1667,81.1333,75.4,79,52,6.93,broken clouds
158,Nome,US,64.5011,-165.4064,23.16,78,98,2.01,overcast clouds
159,Gobabis,NA,-22.45,18.9667,74.5,13,100,8.05,overcast clouds
160,Lorengau,PG,-2.0226,147.2712,85.95,65,11,4.88,few clouds
161,Moba,CN,33.2288,105.0179,41.77,80,100,1.66,overcast clouds
162,Simnas,LT,54.4,23.65,47.97,85,100,13.69,overcast clouds
163,Udachnyy,RU,66.4167,112.4,-3.8,100,76,2.95,broken clouds
164,Salinopolis,BR,-0.6136,-47.3561,80.58,81,75,12.84,broken clouds
165,Souillac,MU,-20.5167,57.5167,72.36,69,59,12.5,broken clouds
166,Cherskiy,RU,68.75,161.3,-14.19,98,65,4.05,broken clouds
167,Hobyo,SO,5.3505,48.5268,80.17,76,81,7.47,broken clouds
168,Kamen-Rybolov,RU,44.7481,132.0403,49.89,57,0,8.66,clear sky
169,Cairns,AU,-16.9167,145.7667,92.95,57,75,10.36,broken clouds
170,Piracuruca,BR,-3.9281,-41.7092,77.61,67,5,4.05,clear sky
171,Sao Felix Do Xingu,BR,-6.6447,-51.995,72.21,99,100,1.3,overcast clouds
172,Saint Anthony,US,45.0205,-93.218,52.3,53,1,4.0,clear sky
173,Lompoc,US,34.6391,-120.4579,68.56,70,1,12.66,clear sky
174,Lavrentiya,RU,65.5833,-171.0,13.98,72,96,6.04,overcast clouds
175,Kutum,SD,14.2,24.6667,71.49,25,99,7.54,overcast clouds
176,Rehoboth,NA,-23.3167,17.0833,71.73,15,100,5.86,overcast clouds
177,Pravda,RU,46.9396,142.009,46.4,76,99,8.57,overcast clouds
178,Salalah,OM,17.0151,54.0924,71.69,56,0,4.61,clear sky
179,Klaksvik,FO,62.2266,-6.589,50.92,83,0,24.52,clear sky
180,San Cristobal,VE,7.7669,-72.225,73.58,98,100,2.8,overcast clouds
181,Lokosovo,RU,61.1333,74.8167,22.96,82,95,15.32,overcast clouds
182,Cidreira,BR,-30.1811,-50.2056,68.61,73,0,11.18,clear sky
183,Shenjiamen,CN,29.9576,122.298,67.3,62,9,12.82,clear sky
184,Poum,NC,-20.2333,164.0167,75.69,72,100,6.22,overcast clouds
185,Bolotnoye,RU,55.6717,84.3981,27.91,69,71,15.05,broken clouds
186,Rawson,AR,-43.3002,-65.1023,67.71,37,0,16.6,clear sky
187,Qandala,SO,11.472,49.8728,76.87,64,5,1.81,clear sky
188,Weihe,CN,32.9952,105.3247,46.98,87,100,1.77,overcast clouds
189,Ponta Do Sol,PT,32.6667,-17.1,68.72,62,6,3.8,clear sky
190,Sitka,US,57.0531,-135.33,49.89,57,75,8.05,light rain
191,Geraldton,AU,-28.7667,114.6,61.21,82,40,14.97,light intensity shower rain
192,Komsomolskiy,UZ,40.4272,71.7189,47.62,53,82,4.61,broken clouds
193,Southbridge,US,42.0751,-72.0334,55.26,97,100,3.0,overcast clouds
194,Arteaga,MX,18.4667,-102.4167,65.71,98,97,3.4,overcast clouds
195,Rudkobing,DK,54.9364,10.7102,55.38,92,100,24.49,overcast clouds
196,Jucurutu,BR,-6.0339,-37.0203,80.85,60,5,20.62,clear sky
197,Alice Springs,AU,-23.7,133.8833,94.55,20,19,25.32,few clouds
198,Biak,ID,-0.9131,122.8766,84.0,66,19,1.77,few clouds
199,Zenica,BA,44.2014,17.9064,41.31,87,100,1.52,overcast clouds
200,East London,ZA,-33.0153,27.9116,67.24,85,100,20.71,light rain
201,Yulara,AU,-25.2406,130.9889,93.56,15,0,11.54,clear sky
202,Vila Franca Do Campo,PT,37.7167,-25.4333,70.21,86,36,13.91,scattered clouds
203,Leiyang,CN,26.4024,112.8591,58.96,90,100,3.56,overcast clouds
204,Borgarnes,IS,64.5383,-21.9206,45.64,71,100,23.49,overcast clouds
205,Pevek,RU,69.7008,170.3133,10.89,93,100,13.18,overcast clouds
206,Tiznit,MA,29.5833,-9.5,59.59,77,2,2.44,clear sky
207,Harrison,US,30.4091,-89.0436,69.85,86,1,0.0,clear sky
208,Senanga,ZM,-16.1167,23.2667,69.71,77,98,2.66,overcast clouds
209,Cascais,PT,38.6979,-9.4215,66.51,55,6,5.01,clear sky
210,Dikson,RU,73.5069,80.5464,12.74,87,100,9.31,overcast clouds
211,Nara,JP,34.6851,135.8049,69.49,46,69,1.36,broken clouds
212,Tiarei,PF,-17.5333,-149.3333,84.22,78,73,5.57,light rain
213,Erzin,TR,36.9559,36.2,54.12,35,7,5.23,clear sky
214,Chokurdakh,RU,70.6333,147.9167,-5.82,97,99,4.47,overcast clouds
215,Saint George,US,37.1041,-113.5841,60.64,40,20,1.99,few clouds
216,Zhigansk,RU,66.7697,123.3711,16.07,93,98,11.52,overcast clouds
217,Luwuk,ID,-0.9516,122.7875,86.86,64,24,2.89,few clouds
218,Ko Samui,TH,9.5357,99.9357,83.12,73,100,9.46,moderate rain
219,Maldonado,UY,-34.6667,-54.9167,70.23,81,0,4.68,clear sky
220,Torbay,CA,47.6666,-52.7314,39.58,87,73,4.0,broken clouds
221,Korsor,DK,55.3299,11.1386,52.25,88,100,23.6,overcast clouds
222,Hambantota,LK,6.1241,81.1185,77.77,78,97,5.35,overcast clouds
223,Coahuayana,MX,18.7333,-103.6833,81.88,88,99,1.07,overcast clouds
224,Iqaluit,CA,63.7506,-68.5145,27.7,86,100,8.99,overcast clouds
225,Tadine,NC,-21.55,167.8833,78.12,74,100,6.78,overcast clouds
226,Jamame,SO,0.0722,42.7506,76.98,86,81,7.7,broken clouds
227,Palmer,US,42.1584,-72.3287,55.02,78,90,4.0,overcast clouds
228,Port Hardy,CA,50.6996,-127.4199,46.58,93,75,4.61,light rain
229,Severo-Kurilsk,RU,50.6789,156.125,46.38,85,100,6.24,overcast clouds
230,Waingapu,ID,-9.6567,120.2641,86.5,64,100,10.31,overcast clouds
231,Lacson,PH,7.2119,125.4422,81.52,77,93,2.89,overcast clouds
232,Fukue,JP,32.6881,128.8419,67.82,54,42,11.92,scattered clouds
233,Petropavlovsk-Kamchatskiy,RU,53.0452,158.6483,46.99,53,20,2.24,few clouds
234,Fairbanks,US,64.8378,-147.7164,32.09,91,90,3.44,overcast clouds
235,Asau,RO,46.4333,26.4,37.76,58,0,5.37,clear sky
236,Madang,PG,-5.2246,145.7966,86.02,67,99,5.37,overcast clouds
237,Kaeo,NZ,-35.1,173.7833,67.28,65,100,6.22,overcast clouds
238,Saldanha,ZA,-33.0117,17.9442,64.54,65,98,7.43,overcast clouds
239,Iquique,CL,-20.2208,-70.1431,60.84,66,7,2.48,clear sky
240,Kaspiyskiy,RU,45.3929,47.3707,38.61,64,5,3.78,clear sky
241,Benton Harbor,US,42.1167,-86.4542,49.1,74,20,0.0,few clouds
242,Hasaki,JP,35.7333,140.8333,61.29,65,100,7.52,light rain
243,Lebu,CL,-37.6167,-73.65,52.43,86,0,15.3,clear sky
244,Rundu,NA,-17.9333,19.7667,74.05,61,89,7.36,overcast clouds
245,Voznesenye,RU,61.0106,35.4781,40.53,90,100,11.18,light rain
246,Olden,NO,61.8364,6.8064,46.0,95,100,11.07,light rain
247,Tjome,NO,59.1109,10.3933,50.23,98,90,14.97,drizzle
248,Belaya Gora,RU,68.5333,146.4167,-3.41,96,81,2.06,broken clouds
249,Mahebourg,MU,-20.4081,57.7,72.25,67,59,14.05,broken clouds
250,Puro,PH,12.4841,123.3827,82.56,78,100,11.56,overcast clouds
251,Tuatapere,NZ,-46.1333,167.6833,61.66,72,95,2.46,overcast clouds
252,Kieta,PG,-6.2167,155.6333,86.13,63,49,5.21,scattered clouds
253,Gat,IL,31.61,34.7642,66.4,72,0,4.45,clear sky
254,Safford,US,32.834,-109.7076,64.06,27,1,17.27,clear sky
255,Hirado,JP,33.3597,129.5531,63.36,43,14,7.27,few clouds
256,Port Blair,IN,11.6667,92.75,82.04,78,83,7.34,broken clouds
257,Maghar,IL,32.8898,35.407,62.51,76,0,3.0,clear sky
258,Hami,CN,42.8,93.45,47.68,33,0,1.61,clear sky
259,Nerchinskiy Zavod,RU,51.3088,119.61,38.14,58,0,7.92,clear sky
260,Nurota,UZ,40.5614,65.6886,44.69,55,100,1.01,overcast clouds
261,Robertsport,LR,6.7533,-11.3686,77.5,84,87,2.44,overcast clouds
262,Houma,US,29.5958,-90.7195,75.97,88,82,5.75,broken clouds
263,Suchindram,IN,8.15,77.4833,76.06,91,100,0.65,overcast clouds
264,Boa Vista,BR,2.8197,-60.6733,76.98,83,0,2.3,clear sky
265,Esperance,AU,-33.8667,121.9,59.88,54,100,8.43,light rain
266,Quebec,CA,46.8123,-71.2145,50.45,59,100,10.0,overcast clouds
267,Pandharpur,IN,17.6667,75.3333,69.71,56,0,6.46,clear sky
268,Harper,LR,4.375,-7.7169,76.96,89,96,6.29,overcast clouds
269,Makakilo City,US,21.3469,-158.0858,84.52,52,1,11.5,clear sky
270,Gorontalo,ID,0.5412,123.0595,88.41,62,11,0.45,few clouds
271,Savannah Bight,HN,16.45,-85.85,84.0,76,14,20.89,few clouds
272,Barreirinha,BR,-2.7933,-57.07,80.76,74,94,3.31,light rain
273,Los Llanos De Aridane,ES,28.6585,-17.9182,65.95,73,75,5.99,broken clouds
274,Strezhevoy,RU,60.7333,77.5889,21.18,82,100,18.03,overcast clouds
275,Vezirkopru,TR,41.1436,35.4547,32.49,86,0,0.49,clear sky
276,Bud,US,39.447,-86.1758,46.58,90,0,5.77,clear sky
277,Kahului,US,20.8947,-156.47,87.06,74,40,19.57,scattered clouds
278,Chapais,CA,49.7834,-74.8492,36.37,72,100,6.31,overcast clouds
279,Ensenada,MX,31.8667,-116.6167,62.94,81,0,6.78,clear sky
280,Tuktoyaktuk,CA,69.4541,-133.0374,28.76,94,100,5.86,overcast clouds
281,Bandarbeyla,SO,9.4942,50.8122,76.44,82,73,2.13,broken clouds
282,Vrangel,RU,42.7297,133.0839,53.82,69,73,10.63,broken clouds
283,Sterling,US,39.0062,-77.4286,53.91,68,75,1.99,broken clouds
284,Gambela,ET,8.25,34.5833,69.57,90,54,3.04,broken clouds
285,Luanda,AO,-8.8368,13.2343,73.38,79,80,6.44,broken clouds
286,La Rioja,ES,42.25,-2.5,42.48,66,41,5.57,scattered clouds
287,Doha,QA,25.2867,51.5333,78.78,61,0,3.44,clear sky
288,Nacala,MZ,-14.5428,40.6728,72.88,90,1,5.06,clear sky
289,Torres,BR,-29.3353,-49.7269,64.83,76,0,5.53,clear sky
290,Burriana,ES,39.889,-0.085,60.69,84,0,4.59,clear sky
291,Xining,CN,36.6167,101.7667,33.55,81,100,2.77,overcast clouds
292,Kocs,HU,47.6075,18.2152,40.68,73,56,2.21,broken clouds
293,Alexandria,EG,31.2156,29.9553,70.41,73,83,7.61,broken clouds
294,Tabou,CI,4.423,-7.3528,76.77,89,100,5.61,overcast clouds
295,Ginir,ET,7.1333,40.7,55.96,83,7,4.27,clear sky
296,Samarai,PG,-10.6167,150.6667,83.12,76,29,10.54,scattered clouds
297,Bandhi,PK,26.5861,68.3006,62.47,29,0,5.06,clear sky
298,Umea,SE,63.8284,20.2597,33.91,100,47,0.0,fog
299,Esil,KZ,51.9556,66.4042,27.3,62,2,7.05,clear sky
300,Padang,ID,-0.9492,100.3543,77.05,81,100,2.42,overcast clouds
301,La Ronge,CA,55.1001,-105.2842,42.24,89,100,7.54,overcast clouds
302,Kaitangata,NZ,-46.2817,169.8464,60.48,69,65,7.36,broken clouds
303,Acarau,BR,-2.8856,-40.12,80.06,77,6,17.22,clear sky
304,Kruisfontein,ZA,-34.0033,24.7314,64.89,83,97,17.31,overcast clouds
305,Faya,SA,18.3851,42.4509,55.92,71,2,1.83,clear sky
306,Sironko,UG,1.2313,34.2477,65.32,70,96,4.23,overcast clouds
307,Soyo,AO,-6.1349,12.3689,76.12,84,98,8.28,overcast clouds
308,Noumea,NC,-22.2763,166.4572,85.98,99,100,11.16,overcast clouds
309,Port Lincoln,AU,-34.7333,135.8667,71.01,57,11,4.94,few clouds
310,Lasa,IT,46.6166,10.7002,37.36,70,50,1.86,scattered clouds
311,Kushiro,JP,42.975,144.3747,55.71,69,0,1.97,clear sky
312,Muros,ES,42.7762,-9.0603,58.23,95,14,4.59,few clouds
313,Andenes,NO,69.3143,16.1194,35.58,87,90,14.97,overcast clouds
314,Fortuna,US,40.5982,-124.1573,57.54,73,90,1.01,light rain
315,Laguna,US,38.421,-121.4238,65.46,62,90,4.61,overcast clouds
316,Olinda,BR,-8.0089,-34.8553,80.33,69,75,8.05,broken clouds
317,Shimoda,JP,34.6667,138.95,62.1,73,94,1.72,overcast clouds
318,Ketchikan,US,55.3422,-131.6461,46.87,93,90,13.8,light rain
319,Vagur,FO,61.4732,-6.8119,49.53,89,2,24.02,clear sky
320,Mwene-Ditu,CD,-7.0,23.45,66.22,91,92,1.77,overcast clouds
321,Tucuma,BR,-0.1833,-50.05,78.91,76,100,7.36,overcast clouds
322,Clarksburg,US,39.2807,-80.3445,48.9,66,90,13.8,overcast clouds
323,Dabou,CI,5.3256,-4.3769,75.0,87,100,5.17,overcast clouds
324,Mwense,ZM,-10.3845,28.698,76.89,50,93,4.27,overcast clouds
325,Karangampel,ID,-6.4622,108.4519,84.02,65,96,3.02,moderate rain
326,Waddan,LY,29.1614,16.139,67.95,54,59,6.11,broken clouds
327,Eyrarbakki,IS,63.863,-21.1481,44.65,91,100,23.94,moderate rain
328,Malakal,SS,9.5334,31.6605,72.32,80,66,4.21,broken clouds
329,Mozarlandia,BR,-14.7447,-50.5706,75.63,86,100,8.7,overcast clouds
330,Shihezi,CN,44.3,86.0333,44.17,35,0,1.1,clear sky
331,Chichi,NG,7.2721,8.9332,77.27,83,99,4.9,overcast clouds
332,Yar-Sale,RU,66.8333,70.8333,17.35,94,99,7.83,light snow
333,Biscarrosse,FR,44.3945,-1.1672,52.34,100,90,1.14,fog
334,Beaufort,MY,5.3473,115.7455,83.16,75,31,1.36,scattered clouds
335,Burlington,US,39.8835,-74.6413,54.09,79,75,4.0,light rain
336,Voloshka,RU,61.3314,40.0858,37.9,97,100,8.86,overcast clouds
337,Hoi An,VN,15.8794,108.335,78.76,90,100,16.51,overcast clouds
338,Fairmount,US,43.0473,-76.2385,55.15,97,90,3.0,light rain
339,Mossendjo,CG,-2.9506,12.7261,70.56,99,100,1.99,light rain
340,Nanortalik,GL,60.1432,-45.2371,35.78,64,100,4.23,overcast clouds
341,Tifton,US,31.4505,-83.5085,62.53,73,1,5.75,clear sky
342,Gazanjyk,TM,39.2446,55.5154,49.06,87,100,7.9,overcast clouds
343,Kargil,IN,34.5667,76.1,28.9,58,95,3.18,overcast clouds
344,Guerrero Negro,MX,27.9769,-114.0611,66.43,69,0,16.78,clear sky
345,Poienile De Sub Munte,RO,47.8167,24.4333,36.09,76,7,2.01,clear sky
346,Morwa,IN,22.9,73.8333,70.75,66,0,7.25,clear sky
347,Waipawa,NZ,-41.4122,175.5153,59.45,48,100,9.46,light rain
348,Shache,CN,38.4167,77.2406,43.92,43,3,1.01,clear sky
349,Najran,SA,17.4924,44.1277,62.28,19,2,0.83,clear sky
350,Saryg-Sep,RU,51.5,95.6,32.18,62,2,2.51,clear sky
351,Touros,BR,-5.1989,-35.4608,76.1,74,26,14.9,scattered clouds
352,Alofi,NU,-19.0595,-169.9187,80.49,61,75,17.27,broken clouds
353,Vaitape,PF,-16.5167,-151.75,79.72,72,15,7.78,few clouds
354,Puntarenas,CR,9.9763,-84.8384,82.33,87,13,3.42,few clouds
355,Pochutla,MX,15.7432,-96.4661,81.82,87,100,5.03,overcast clouds
356,Soto La Marina,MX,23.7667,-98.2167,81.77,81,95,13.71,overcast clouds
357,High Level,CA,58.5169,-117.136,39.31,100,90,2.3,mist
358,Kalaikunda,IN,22.35,87.25,73.02,85,17,6.33,few clouds
359,Berlevag,NO,70.8578,29.0864,33.89,59,100,20.74,overcast clouds
360,Bathsheba,BB,13.2167,-59.5167,81.21,78,20,18.41,few clouds
361,Muscat,OM,23.6139,58.5922,78.82,68,0,8.16,clear sky
362,Bethel,US,41.3712,-73.414,58.57,92,90,3.0,moderate rain
363,Yumen,CN,40.2833,97.2,38.12,66,0,3.24,clear sky
364,Doka,SD,13.5167,35.7667,76.17,56,23,4.0,few clouds
365,Katherine,AU,-14.4667,132.2667,91.72,52,75,10.36,broken clouds
366,Nouakchott,MR,18.0858,-15.9785,80.1,42,77,20.67,broken clouds
367,Broome,US,42.2506,-75.833,55.45,80,90,1.01,light rain
368,Baronissi,IT,40.7477,14.7708,61.14,66,100,4.0,overcast clouds
369,Zemio,CF,5.0314,25.1361,69.69,95,100,1.01,overcast clouds
370,Hamilton,US,39.1834,-84.5333,49.01,81,1,0.0,clear sky
371,Cotonou,BJ,6.3654,2.4183,80.15,78,85,5.77,overcast clouds
372,Charsadda,PK,34.1435,71.7317,59.61,50,0,2.35,clear sky
373,Sol-Iletsk,RU,51.1631,54.9918,29.5,55,19,7.23,few clouds
374,Louis Trichardt,ZA,-23.0439,29.9032,60.8,91,94,9.31,overcast clouds
375,Corn Island,NI,12.1694,-83.0418,83.89,71,25,12.64,scattered clouds
376,Soc Trang,VN,9.6033,105.98,80.56,84,99,2.44,overcast clouds
377,Rosetta,EG,31.4044,30.4164,70.5,73,4,8.5,clear sky
378,Turukhansk,RU,65.8167,87.9833,21.47,92,100,17.43,light snow
379,Lagunas,PE,-5.2269,-75.6753,70.23,92,100,2.3,overcast clouds
380,Valparaiso,CL,-33.0393,-71.6273,53.24,93,75,8.05,broken clouds
381,Haines Junction,CA,60.7522,-137.5108,30.52,79,100,1.28,overcast clouds
382,Alvaraes,BR,-3.2208,-64.8042,74.12,96,100,1.83,overcast clouds
383,Inhambane,MZ,-23.865,35.3833,71.06,84,9,9.66,clear sky
384,Ipixuna,BR,-1.7625,-48.8043,80.55,89,25,5.39,scattered clouds
385,Gonbad-E Qabus,IR,37.25,55.1672,53.58,91,100,6.2,overcast clouds
386,Challans,FR,46.8436,-1.8749,51.71,91,98,7.07,overcast clouds
387,Pasighat,IN,28.0667,95.3333,68.61,69,0,2.8,clear sky
388,Derzhavinsk,KZ,51.1,66.3167,26.92,58,31,1.86,scattered clouds
389,Ranong,TH,9.9658,98.6348,76.93,83,96,4.16,overcast clouds
390,Tezu,IN,27.9167,96.1667,68.92,59,0,3.06,clear sky
391,Namibe,AO,-15.1961,12.1522,63.93,75,75,8.05,broken clouds
392,Govindgarh,IN,27.5,76.9833,68.11,54,0,4.12,clear sky
393,Havelock,US,34.8791,-76.9013,64.35,70,0,8.01,clear sky
394,Taldom,RU,56.7333,37.5333,35.65,82,100,9.01,overcast clouds
395,Kotelnich,RU,58.3089,48.348,32.25,95,100,7.81,overcast clouds
396,Ust-Tsilma,RU,65.441,52.1498,20.71,93,100,4.47,overcast clouds
397,Codrington,AU,-38.2667,141.9667,71.1,47,4,19.28,clear sky
398,Sorland,NO,67.667,12.6934,46.74,87,26,13.91,scattered clouds
399,Leningradskiy,RU,69.3833,178.4167,9.23,92,100,22.55,light snow
400,Vernon,CA,50.2581,-119.2691,53.76,70,100,2.3,overcast clouds
401,Tateyama,JP,34.9833,139.8667,64.02,75,100,5.55,overcast clouds
402,Sonepur,IN,20.8333,83.9167,70.72,74,85,2.01,overcast clouds
403,Borogontsy,RU,62.6683,131.1683,31.53,93,100,3.65,overcast clouds
404,Ambon,ID,-3.6954,128.1814,86.14,74,20,3.44,few clouds
405,Cozumel,MX,20.5083,-86.9458,82.38,92,40,3.0,scattered clouds
406,Urucara,BR,-2.5364,-57.76,79.0,79,32,2.57,scattered clouds
407,Marawi,PH,7.9986,124.2928,74.64,92,100,1.25,overcast clouds
408,Kedrovyy,RU,56.1667,91.8167,37.81,72,94,16.6,overcast clouds
409,Bintulu,MY,3.1667,113.0333,82.81,83,20,4.61,few clouds
410,Hope,US,33.6671,-93.5916,69.85,65,100,9.37,overcast clouds
411,Obihiro,JP,42.9172,143.2044,58.41,66,27,1.54,scattered clouds
412,Jundia,BR,-8.9347,-35.5736,75.02,90,15,1.99,few clouds
413,Juneau,US,58.3019,-134.4197,44.83,91,90,0.0,overcast clouds
414,Verkhnevilyuysk,RU,63.4453,120.3167,20.39,86,69,7.74,broken clouds
415,Quelimane,MZ,-17.8786,36.8883,76.42,79,99,4.92,overcast clouds
416,Kano,NG,12.0001,8.5167,71.49,68,0,8.05,clear sky
417,Mountain Home,US,43.133,-115.6912,49.48,100,90,8.05,overcast clouds
418,Capitao Poco,BR,-1.7464,-47.0594,75.34,92,78,6.31,broken clouds
419,Constantine,DZ,36.365,6.6147,53.01,93,75,0.0,broken clouds
420,Karibib,NA,-21.9333,15.8333,69.8,23,100,3.42,overcast clouds
421,Hokitika,NZ,-42.7167,170.9667,61.25,72,88,6.44,overcast clouds
422,Yiyang,CN,28.5892,112.3283,62.53,64,24,5.93,few clouds
423,Cap-Aux-Meules,CA,47.3821,-61.8597,44.65,81,20,11.5,few clouds
424,Ashland,US,40.8167,-82.2665,47.05,79,87,12.82,overcast clouds
425,Arys,KZ,42.4252,68.795,55.62,36,100,5.21,overcast clouds
426,Tornio,FI,65.8481,24.1466,28.42,93,50,7.78,scattered clouds
427,Margate,GB,51.3813,1.3862,61.03,83,99,4.0,overcast clouds
428,Thinadhoo,MV,0.5333,72.9333,83.82,70,72,15.14,moderate rain
429,Jutai,BR,-5.1833,-68.9,71.04,96,90,2.82,overcast clouds
430,Ayan,RU,56.45,138.1667,36.12,99,100,12.8,light rain
431,Koumac,NC,-20.5667,164.2833,78.66,66,100,7.85,overcast clouds
432,Paamiut,GL,61.994,-49.6678,37.27,56,0,8.46,clear sky
433,Pringsewu,ID,-5.3582,104.9744,80.55,81,100,2.59,overcast clouds
434,Atambua,ID,-9.1061,124.8925,86.18,51,100,1.92,overcast clouds
435,Miramar,US,25.9873,-80.2323,83.01,78,1,8.05,clear sky
436,Razdolnoye,RU,43.55,131.9167,52.21,53,0,10.04,clear sky
437,Itarema,BR,-2.9248,-39.9167,80.06,76,8,16.24,clear sky
438,Ahipara,NZ,-35.1667,173.1667,67.42,69,100,6.38,overcast clouds
439,Te Anau,NZ,-45.4167,167.7167,61.47,58,99,3.29,moderate rain
440,Sakata,JP,38.9167,139.855,55.58,94,75,8.05,light intensity shower rain
441,Yatou,CN,37.15,122.3833,60.39,35,0,13.73,clear sky
442,Sandakan,MY,5.8402,118.1179,80.28,94,40,3.44,scattered clouds
443,Paita,PE,-5.0892,-81.1144,65.08,85,89,12.24,overcast clouds
444,Akdagmadeni,TR,39.6603,35.8836,34.29,58,0,1.7,clear sky
445,Lakota,CI,5.8528,-5.6883,71.55,99,100,1.63,light rain
446,Rio Negro,BR,-26.1058,-49.7975,58.64,95,89,3.69,overcast clouds
447,Port-Gentil,GA,-0.7193,8.7815,77.61,88,100,12.73,light rain
448,Mulege,MX,26.8833,-111.9833,73.53,67,13,12.01,few clouds
449,Baracoa,CU,20.3467,-74.4958,78.48,85,30,1.86,scattered clouds
450,Pisco,PE,-13.7,-76.2167,61.02,87,6,1.41,clear sky
451,Fomboni,KM,-12.28,43.7425,77.5,81,0,5.44,light rain
452,Alyangula,AU,-13.8483,136.4192,87.37,63,36,11.34,scattered clouds
453,Bongandanga,CD,1.5,21.05,69.93,99,98,1.81,overcast clouds
454,Bar Harbor,US,44.3876,-68.2039,54.09,82,90,10.0,overcast clouds
455,Visby,SE,57.6409,18.296,48.85,93,20,12.66,few clouds
456,Leh,IN,34.1667,77.5833,27.0,71,100,1.28,light snow
457,North Bend,US,43.4065,-124.2243,59.86,97,90,16.11,mist
458,Meadow Lake,US,34.8014,-106.5436,53.47,33,79,22.82,broken clouds
459,Yoichi,JP,43.2039,140.7703,55.44,67,14,5.77,few clouds
460,Ancud,CL,-41.8697,-73.8203,53.42,91,100,5.46,overcast clouds
461,Krasnyy Klyuch,RU,55.3863,56.6529,31.08,72,98,10.69,overcast clouds
462,Guilin,CN,25.2819,110.2864,63.16,76,100,6.67,overcast clouds
463,Chara,RU,56.9064,118.2631,26.26,64,11,3.18,few clouds
464,Saint-Francois,FR,46.4154,3.9054,40.48,100,90,0.0,fog
465,Vila,PT,42.0304,-8.1588,47.32,62,100,3.15,overcast clouds
466,Huadian,CN,42.9633,126.7478,44.56,62,20,11.25,few clouds
467,Bakel,SN,14.905,-12.4568,86.92,56,98,8.21,overcast clouds
468,Eldorado,BR,-23.7869,-54.2836,67.08,68,100,2.73,overcast clouds
469,Rincon,US,32.296,-81.2354,64.85,88,1,4.61,clear sky
470,College,US,64.8569,-147.8028,31.59,90,90,1.01,overcast clouds
471,Koungheul,SN,13.9833,-14.8,81.14,70,100,6.78,overcast clouds
472,Broken Hill,AU,-31.95,141.4333,85.12,10,3,19.69,clear sky
473,Empalme,MX,27.9667,-110.8167,84.25,54,1,0.0,clear sky
474,Gombong,ID,-7.6072,109.5142,84.83,72,36,5.19,scattered clouds
475,Sungaipenuh,ID,-2.0833,101.3833,65.73,92,100,0.92,heavy intensity rain
476,Kijang,KR,35.2442,129.2139,64.02,44,7,2.37,clear sky
477,Kalispell,US,48.1958,-114.3129,48.24,53,90,11.5,overcast clouds
478,Alugan,PH,12.2188,125.4808,82.31,82,100,9.71,moderate rain
479,Forestville,US,38.8451,-76.875,54.05,66,20,14.97,few clouds
480,Mwandiga,TZ,-4.83,29.6581,74.66,66,98,4.14,overcast clouds
481,Emerald,AU,-23.5333,148.1667,83.34,56,0,9.8,clear sky
482,Troitskoye,RU,52.9821,84.6757,35.38,58,100,8.68,overcast clouds
483,Acari,PE,-15.4311,-74.6158,67.15,71,5,2.8,clear sky
484,Grindavik,IS,63.8424,-22.4338,44.55,81,90,28.77,overcast clouds
485,Opuwo,NA,-18.0607,13.84,69.37,22,99,3.36,overcast clouds
486,Newport,GB,51.5877,-2.9984,60.46,90,100,16.75,overcast clouds
487,Mindelo,CV,16.8901,-24.9804,76.55,73,20,18.41,few clouds
488,Storforshei,NO,66.4043,14.5233,38.66,99,100,2.59,overcast clouds
489,Freetown,SL,8.484,-13.2299,80.31,78,75,4.61,light rain
490,Geilo,NO,60.5333,8.2076,40.46,87,100,3.29,light rain
491,Balsas,BR,-7.5325,-46.0356,81.27,67,66,2.51,broken clouds
492,Portree,GB,57.4129,-6.1942,54.86,93,79,14.83,broken clouds
493,Santa Rosa,PH,14.3122,121.1114,86.11,66,100,10.29,overcast clouds
494,Solnechnyy,RU,50.7214,136.6319,41.83,82,100,1.16,overcast clouds
495,Erdenet,MN,49.0333,104.0833,35.76,49,8,4.32,clear sky
496,Tianpeng,CN,30.9866,103.9393,57.67,78,99,2.21,overcast clouds
497,Santa Cruz,BO,-17.8,-63.1667,72.86,64,20,6.91,few clouds
498,Khadyzhensk,RU,44.4256,39.5319,36.61,90,5,1.86,clear sky
499,Williams Lake,CA,52.1415,-122.1445,44.22,49,91,5.99,overcast clouds
500,Cabedelo,BR,-6.9811,-34.8339,75.87,73,6,11.99,clear sky
501,Lata,PT,40.1629,-8.3327,59.81,66,60,3.94,broken clouds
502,Dunedin,NZ,-45.8742,170.5036,57.56,81,62,4.72,broken clouds
503,Sibu,MY,2.3,111.8167,82.38,77,99,2.3,overcast clouds
504,Machinga,MW,-15.1685,35.3,70.95,78,3,3.8,light rain
505,Guane,CU,22.2025,-84.0875,77.74,88,100,1.43,overcast clouds
506,Leeton,AU,-34.5667,146.4,85.89,13,5,8.81,clear sky
507,Husavik,IS,66.0449,-17.3389,39.11,94,100,13.38,overcast clouds
508,Camabatela,AO,-8.1881,15.375,62.53,99,100,1.14,light rain
509,Osmena,PH,10.5208,119.9258,83.59,78,97,16.31,overcast clouds
510,Mangrol,IN,21.1167,70.1167,77.27,65,0,9.22,clear sky
511,Khandyga,RU,62.6667,135.6,30.29,96,100,1.92,overcast clouds
512,Humberto De Campos,BR,-2.5983,-43.4611,78.13,82,89,4.9,overcast clouds
513,Ati,TD,13.2154,18.3353,84.51,17,13,5.28,few clouds
514,Buin,CL,-33.7333,-70.75,70.74,70,0,2.73,clear sky
515,Kargat,RU,55.1956,80.2811,27.19,72,9,10.89,clear sky
516,Hanna,CA,51.6334,-111.9018,51.31,38,0,4.85,clear sky
517,Ponta Delgada,PT,37.7333,-25.6667,70.52,88,40,16.11,scattered clouds
518,Korla,CN,41.7597,86.1469,43.92,44,0,3.78,clear sky
519,Zhoucheng,CN,35.9122,116.3117,60.03,49,32,4.29,light rain
520,Sabha,LY,27.0377,14.4283,67.89,27,33,9.06,scattered clouds
521,Matay,EG,28.419,30.7792,68.85,59,0,8.03,clear sky
522,Verkhnyaya Khava,RU,51.8404,39.9413,35.67,52,94,10.63,overcast clouds
523,Green River,US,41.5286,-109.4662,36.99,68,8,8.01,clear sky
524,Sisimiut,GL,66.9395,-53.6735,19.96,59,26,8.34,scattered clouds
525,Pacific Grove,US,36.6177,-121.9166,65.44,74,40,1.01,scattered clouds
526,Soe,ID,-9.8607,124.284,85.6,36,64,5.68,broken clouds
527,Leskovik,AL,40.1514,20.5972,36.16,80,17,6.02,few clouds
528,Kozmodemyansk,RU,56.3367,46.5711,34.63,81,100,10.51,overcast clouds
529,Severomuysk,RU,56.1481,113.4267,16.61,90,57,1.97,broken clouds
530,Bahia Honda,CU,22.9036,-83.1592,78.55,83,100,0.85,overcast clouds
531,Camopi,GF,3.1655,-52.3158,74.71,92,61,4.76,broken clouds
532,Mezen,RU,65.8522,44.24,26.65,95,100,11.16,light snow
533,Amot,NO,59.5714,7.9877,43.52,99,100,4.41,overcast clouds
534,Kasongo-Lunda,CD,-6.4667,16.8167,69.12,98,100,0.58,overcast clouds
535,Tolmachevo,RU,54.9824,82.7363,29.41,63,20,11.18,few clouds
536,Wajima,JP,37.4,136.9,62.98,75,100,12.24,overcast clouds
537,Sabang,ID,5.8933,95.3214,80.64,78,100,8.7,light rain
538,Pathardi,IN,19.1667,75.1833,67.68,67,0,4.27,clear sky
539,Leshukonskoye,RU,64.8989,45.7622,27.18,96,100,9.15,snow
540,Mineiros,BR,-17.5694,-52.5511,71.58,86,98,1.99,overcast clouds
541,Provideniya,RU,64.3833,-173.3,19.51,68,90,8.95,light snow
542,Omsukchan,RU,62.5333,155.8,9.21,90,6,1.43,clear sky
543,Pangai,TO,-19.8,-174.35,80.71,65,40,16.11,scattered clouds
544,Petatlan,MX,17.5167,-101.2667,82.2,92,100,1.61,overcast clouds
545,Elizabeth City,US,36.2946,-76.2511,61.99,53,75,5.99,broken clouds
546,Paka,MY,4.6374,103.4368,84.13,79,20,2.3,few clouds
547,Shirokiy,RU,49.758,129.523,40.08,67,100,4.25,overcast clouds
548,Port Macquarie,AU,-31.4333,152.9167,76.89,54,5,12.41,clear sky
549,Palu,ID,-0.8917,119.8707,87.55,64,58,3.38,broken clouds
550,Namatanai,PG,-3.6667,152.4333,83.93,71,48,6.13,light rain
551,Vanavara,RU,60.34,102.2797,35.64,80,100,12.73,overcast clouds
552,Bubaque,GW,11.2833,-15.8333,82.0,74,98,6.44,overcast clouds
553,Baykit,RU,61.67,96.37,35.44,83,100,14.0,moderate rain
554,Halifax,CA,44.6453,-63.5724,53.1,85,100,8.99,overcast clouds
555,Talnakh,RU,69.4865,88.3972,10.62,92,100,3.96,overcast clouds
556,Aykhal,RU,66.0,111.5,1.45,100,98,3.44,overcast clouds
557,Muzhi,RU,65.3667,64.6667,21.52,71,83,16.37,broken clouds
558,Khorixas,NA,-20.3667,14.9667,65.14,34,100,3.58,overcast clouds
559,Pitimbu,BR,-7.4706,-34.8086,75.79,73,4,12.17,clear sky
560,Trelew,AR,-43.249,-65.3051,69.89,31,1,16.91,clear sky
561,Mandan,US,46.8267,-100.8896,47.03,96,90,6.91,light intensity drizzle
562,Ngunguru,NZ,-35.6167,174.5,65.73,70,100,11.21,overcast clouds
563,Saiha,IN,22.4833,92.9667,68.09,99,98,2.44,overcast clouds
564,Faanui,PF,-16.4833,-151.75,79.74,72,15,7.85,few clouds
565,Whitehorse,CA,60.7161,-135.0538,32.09,92,75,3.0,light snow
566,Axim,GH,4.8699,-2.2405,77.67,87,99,4.81,overcast clouds
567,Chincha Alta,PE,-13.4099,-76.1323,59.76,80,13,2.37,few clouds
568,Honningsvag,NO,70.9821,25.9704,36.25,56,81,27.74,broken clouds
569,Ilheus,BR,-14.7889,-39.0494,80.42,78,20,11.5,few clouds
570,Ormara,PK,25.2088,64.6357,76.53,59,0,4.45,clear sky
571,Vao,NC,-22.6667,167.4833,73.27,83,100,9.69,overcast clouds
572,Dimbokro,CI,6.6451,-4.7048,73.99,96,100,2.91,overcast clouds
573,Trairi,BR,-3.2778,-39.2689,80.15,73,29,12.17,scattered clouds
574,Tayshet,RU,55.9342,98.0044,48.47,46,100,13.6,overcast clouds
575,Portland,US,45.5234,-122.6762,56.28,90,75,1.99,broken clouds
576,Otavi,NA,-19.65,17.3333,73.38,47,99,9.17,light rain
577,Launceston,AU,-41.45,147.1667,64.62,61,0,5.01,clear sky
578,Digby,CA,44.6169,-65.7655,53.58,81,100,25.03,light rain
579,Tessalit,ML,20.1986,1.0114,81.0,18,75,8.28,broken clouds
580,Beloha,MG,-25.1667,45.05,71.2,89,81,10.11,broken clouds
581,Piriyapatna,IN,12.3397,76.0992,68.72,93,100,4.03,overcast clouds
582,Shenzhen,CN,22.5455,114.0683,80.15,81,100,5.12,light rain
583,Buchanan,LR,5.8808,-10.0467,77.13,88,97,1.81,overcast clouds
584,Kalmunai,LK,7.4167,81.8167,77.09,87,95,7.7,overcast clouds
585,Trinidad,BO,-14.8333,-64.9,80.92,48,90,4.43,overcast clouds
586,Dwarka,IN,22.2394,68.9678,79.95,57,0,12.01,clear sky
587,Lubao,PH,14.9167,120.55,86.14,73,92,8.59,overcast clouds
588,Ambilobe,MG,-13.2,49.05,68.4,82,0,3.6,clear sky
589,Torbat-E Jam,IR,35.244,60.6225,48.61,41,3,7.65,clear sky
590,Ossora,RU,59.2353,163.0719,27.05,86,91,2.82,overcast clouds
591,Marzuq,YE,14.4,46.4667,68.13,58,1,3.11,clear sky
592,Mount Gambier,AU,-37.8333,140.7667,75.11,23,100,24.16,overcast clouds
593,The Valley,AI,18.217,-63.0578,81.1,70,1,9.46,clear sky
594,Lufilufi,WS,-13.8745,-171.5986,85.78,79,81,15.01,light rain
595,Inverness,GB,57.4791,-4.224,54.79,88,40,3.0,scattered clouds
596,Bartlesville,US,36.7473,-95.9808,67.1,76,20,11.5,few clouds
597,Sulangan,PH,11.1373,123.7228,82.29,80,100,14.0,moderate rain
598,Zarubino,RU,42.63,131.0922,52.74,55,0,14.07,clear sky
599,Cockburn Town,TC,21.4612,-71.1419,82.11,75,94,3.13,overcast clouds
600,Santa Isabel Do Rio Negro,BR,-0.4139,-65.0192,73.42,99,100,0.51,overcast clouds
601,Pangody,RU,65.85,74.4859,13.48,94,11,7.16,few clouds
602,Port Pirie,AU,-33.1833,138.0167,68.09,25,100,16.11,light rain
603,Lethem,GY,3.3803,-59.7968,77.67,80,37,2.62,scattered clouds
604,Okato,NZ,-39.2,173.8833,62.98,72,100,7.81,overcast clouds
605,Pemangkat,ID,1.1667,108.9667,82.36,77,35,3.69,scattered clouds
606,Gravdal,NO,68.1214,13.5031,42.69,89,100,3.4,overcast clouds
607,Otane,NZ,-39.8833,176.6333,66.38,55,100,1.88,overcast clouds
608,Kyra,RU,49.5776,111.9753,37.69,51,0,2.75,clear sky
609,Honiara,SB,-9.4333,159.95,88.43,63,84,4.14,broken clouds
610,Werda,BW,-25.2667,23.2833,70.99,54,100,16.55,overcast clouds
611,Galle,LK,6.0367,80.217,76.19,83,91,5.99,overcast clouds
612,Banff,CA,51.1762,-115.5698,42.03,60,19,3.44,few clouds
613,Noyabrsk,RU,63.1994,75.4507,19.33,89,100,18.23,overcast clouds
614,Laurel,US,39.0993,-76.8483,53.76,73,75,4.0,broken clouds
615,Manggar,ID,-2.8833,108.2667,84.38,70,34,0.6,scattered clouds
616,Avera,US,33.194,-82.5271,62.71,60,0,6.04,clear sky
617,At-Bashi,KG,41.1702,75.8106,28.11,66,17,2.57,few clouds
618,Egvekinot,RU,66.3167,-179.1667,5.09,83,95,6.31,overcast clouds
619,Chhatarpur,IN,24.9,79.6,65.88,68,0,3.65,clear sky
620,Uruzgan,AF,32.8333,66.0,46.63,30,0,5.77,clear sky
621,Erice,IT,38.037,12.5865,57.67,94,40,2.3,scattered clouds
622,Kautokeino,NO,69.0125,23.0412,19.49,96,100,8.81,overcast clouds
623,Saint-Louis,SN,16.3333,-15.0,84.07,46,94,11.83,overcast clouds
624,Guatire,VE,10.4762,-66.5427,77.5,96,100,2.26,overcast clouds
625,Gander,CA,48.9682,-54.5906,35.73,74,40,1.99,scattered clouds
626,Mayo,US,38.8876,-76.5119,54.41,70,1,14.0,clear sky
627,Kavaratti,IN,10.5669,72.642,81.3,77,100,12.66,overcast clouds
628,Veraval,IN,20.9,70.3667,77.58,62,1,9.55,clear sky
629,Kargasok,RU,59.0556,80.8572,24.44,77,100,19.37,overcast clouds
630,Nampula,MZ,-15.1165,39.2666,68.09,88,4,1.03,clear sky
631,Quatre Cocos,MU,-20.2078,57.7625,72.09,68,6,14.07,clear sky
632,Plettenberg Bay,ZA,-34.0527,23.3716,61.9,91,45,8.21,scattered clouds
633,Rabo De Peixe,PT,37.8,-25.5833,69.31,88,40,16.11,scattered clouds
634,Akyab,MM,20.15,92.9,77.68,82,57,5.14,broken clouds
635,Oussouye,SN,12.485,-16.5469,78.98,79,100,2.64,overcast clouds
636,Swan Hill,AU,-35.3378,143.5544,81.79,13,25,13.4,scattered clouds
637,Dhidhdhoo,MV,6.8833,73.1,81.45,76,100,9.46,overcast clouds
638,Alberton,CA,46.8168,-64.0654,50.13,74,100,18.28,overcast clouds
639,Kazachinskoye,RU,57.6953,93.2761,37.62,65,42,16.51,scattered clouds
640,Angoche,MZ,-16.2325,39.9086,76.24,84,19,7.36,few clouds
641,Aasiaat,GL,68.7098,-52.8699,3.16,86,32,5.75,scattered clouds
642,Zykovo,RU,55.9519,93.1461,39.94,66,100,17.13,overcast clouds
643,Myaundzha,RU,63.0494,147.1858,3.63,93,100,0.67,overcast clouds
644,Medicine Hat,CA,50.0501,-110.6683,51.37,41,20,4.0,few clouds
645,Springbok,ZA,-29.6643,17.8865,62.04,35,85,1.81,overcast clouds
646,Baglung,NP,28.2719,83.5898,54.57,56,1,6.67,clear sky
647,Yablonovo,RU,50.8523,37.3574,35.46,48,60,8.9,broken clouds
648,Upington,ZA,-28.4478,21.2561,74.59,34,9,16.4,clear sky
649,Libenge,CD,3.65,18.6333,70.81,98,100,0.94,moderate rain
650,Cayenne,GF,4.9333,-52.3333,81.09,87,20,3.0,few clouds
651,Kropotkin,RU,45.4375,40.5756,35.74,72,3,9.1,clear sky
652,Boa Viagem,BR,-5.1275,-39.7322,77.74,63,38,6.64,scattered clouds
653,Mopti,ML,14.6667,-4.0,87.3,27,53,2.98,broken clouds
654,Napanee,CA,44.2501,-76.9494,48.9,93,100,14.79,moderate rain
655,Nkhotakota,MW,-12.9274,34.2961,77.13,70,4,7.74,clear sky
656,Smithers,CA,54.7804,-127.1743,44.92,81,75,5.75,broken clouds
657,Kiunga,PG,-6.1219,141.2906,87.96,64,94,2.19,overcast clouds
658,Durazno,UY,-33.4131,-56.5006,68.43,65,0,9.28,clear sky
659,Krasnoselkup,RU,65.7,82.4667,19.35,95,100,14.85,light snow
660,Kirakira,SB,-10.4544,161.9205,84.76,73,86,7.0,overcast clouds
661,Sioux Lookout,CA,50.1001,-91.917,39.58,75,40,8.05,scattered clouds
662,Vanimo,PG,-2.6741,141.3028,84.43,71,96,8.63,overcast clouds
663,Qarqin,AF,37.4185,66.0436,58.03,33,100,4.72,overcast clouds
664,Hearst,CA,49.6835,-83.6665,34.27,91,61,4.05,broken clouds
665,Sagua La Grande,CU,22.8067,-80.0756,77.99,84,92,3.78,overcast clouds
666,Monze,ZM,-16.2833,27.4833,73.49,53,11,9.06,few clouds
667,Laje,BR,-10.1833,-40.9667,75.81,58,28,14.34,scattered clouds
668,Raga,SS,8.4596,25.678,72.77,81,100,3.09,overcast clouds
669,Prainha,BR,-1.8,-53.48,78.53,79,27,5.66,scattered clouds
670,Jalu,LY,29.0331,21.5482,68.72,53,0,9.82,clear sky
671,Atherton,GB,53.5237,-2.4935,61.25,79,100,12.28,overcast clouds
672,Sayyan,YE,15.1718,44.3244,51.93,21,2,3.49,clear sky
673,Ulladulla,AU,-35.35,150.4667,76.77,46,5,7.56,clear sky
674,Suzun,RU,53.7841,82.3116,30.24,64,100,7.02,overcast clouds
675,Oneonta,US,42.4529,-75.0638,55.65,89,100,1.01,overcast clouds
676,Bichura,RU,50.5881,107.6022,39.69,53,12,2.91,few clouds
677,Toamasina,MG,-18.1667,49.3833,72.63,77,33,2.1,scattered clouds
678,Saint-Joseph,RE,-21.3667,55.6167,70.16,75,37,8.14,scattered clouds
679,Alekseyevka,RU,50.6309,38.6903,32.49,47,56,7.67,broken clouds
680,Lucea,JM,18.451,-78.1736,80.46,79,10,4.85,clear sky
681,Kurumkan,RU,54.3,110.3,31.87,79,70,2.91,broken clouds
682,Osypenko,UA,46.9136,36.8253,41.85,59,2,8.99,clear sky
683,Guarapari,BR,-20.6667,-40.4975,75.09,95,100,6.2,overcast clouds
684,Anori,BR,-3.7728,-61.6442,74.71,93,78,2.01,broken clouds
685,Alta Floresta,BR,-9.8756,-56.0861,71.08,97,53,0.49,broken clouds
686,Rancho Cordova,US,38.5891,-121.3027,64.38,62,90,5.75,overcast clouds
687,Milkovo,RU,54.7167,158.6167,40.42,79,1,4.83,clear sky
688,Ternate,ID,0.8,127.4,84.67,68,12,0.6,few clouds
689,Kitui,KE,-1.367,38.0106,62.96,92,23,6.02,few clouds
690,Rabaul,PG,-4.1967,152.1721,85.24,67,20,6.78,few clouds
